{
  "Ensemble": {
    "rmse": 0.35175969633268356,
    "mae": 0.26746830344200134,
    "r2": 0.9121635556221008,
    "ece": 0.15055714285714286,
    "mean_interval_width": 0.8296362161636353,
    "empirical_coverage": 0.9011904761904762,
    "spearman_rho": 0.2806973325399513
  },
  "Laplace": {
    "rmse": 0.6088449912009383,
    "mae": 0.4584304690361023,
    "r2": 0.7368544340133667,
    "ece": 0.08663619047619045,
    "mean_interval_width": 1.5903818074832543,
    "empirical_coverage": 0.9011904761904762,
    "spearman_rho": 0.01190376646549345
  },
  "Conformal": {
    "rmse": 0.6088449912009383,
    "mae": 0.4584304690361023,
    "r2": 0.7368544340133667,
    "ece": 0.8872857142857149,
    "mean_interval_width": 2.1587421894073486,
    "empirical_coverage": 0.9011904761904762,
    "spearman_rho": NaN
  }
}
